{
  "a backpack behind a banana": [
    {
      "centroid": [
        [
          243.0169219970703,
          84.48812484741211
        ],
        [
          240.50021362304688,
          184.1227035522461
        ],
        [
          312.77562713623047,
          172.8036117553711
        ],
        [
          352.4967041015625,
          205.97210693359375
        ]
      ],
      "classes": [
        "a backpack",
        "a backpack",
        "a backpack",
        "a backpack"
      ],
      "recall": 1,
      "rel_type": " behind ",
      "sra": 0
    },
    {
      "centroid": [
        [
          337.84412384033203,
          167.3328628540039
        ],
        [
          285.9622497558594,
          314.6837463378906
        ],
        [
          382.8249816894531,
          300.708984375
        ],
        [
          293.6796569824219,
          257.7431411743164
        ],
        [
          362.0674514770508,
          255.74700927734375
        ],
        [
          363.3468017578125,
          320.9499740600586
        ],
        [
          256.9063491821289,
          297.1725082397461
        ],
        [
          344.1319580078125,
          252.97593688964844
        ],
        [
          430.366943359375,
          312.9119186401367
        ],
        [
          369.17989349365234,
          360.88006591796875
        ],
        [
          385.8593444824219,
          317.41162109375
        ],
        [
          466.0747985839844,
          389.19476318359375
        ],
        [
          286.4350280761719,
          318.3437194824219
        ],
        [
          253.5009536743164,
          358.0581970214844
        ],
        [
          427.8351745605469,
          382.99603271484375
        ],
        [
          466.4217529296875,
          434.4521789550781
        ],
        [
          231.2524871826172,
          468.8885192871094
        ]
      ],
      "classes": [
        "a backpack",
        "a banana",
        "a banana",
        "a banana",
        "a backpack",
        "a banana",
        "a banana",
        "a backpack",
        "a banana",
        "a banana",
        "a banana",
        "a banana",
        "a banana",
        "a banana",
        "a banana",
        "a banana",
        "a banana"
      ],
      "recall": 2,
      "rel_type": " behind ",
      "sra": 1
    },
    {
      "centroid": [
        [
          264.0079345703125,
          250.4770736694336
        ]
      ],
      "classes": [
        "a backpack"
      ],
      "recall": 1,
      "rel_type": " behind ",
      "sra": 0
    },
    {
      "centroid": [
        [
          417.35552978515625,
          244.05425262451172
        ],
        [
          415.4077453613281,
          247.08281707763672
        ],
        [
          407.2405090332031,
          278.93841552734375
        ]
      ],
      "classes": [
        "a backpack",
        "a backpack",
        "a backpack"
      ],
      "recall": 1,
      "rel_type": " behind ",
      "sra": 0
    }
  ],
  "a chair in front of a broccoli": [
    {
      "centroid": [
        [
          348.4340515136719,
          279.49932861328125
        ],
        [
          282.4089889526367,
          256.74552154541016
        ],
        [
          284.5712890625,
          333.9934387207031
        ],
        [
          194.8474998474121,
          360.4476623535156
        ],
        [
          346.5263977050781,
          414.9887390136719
        ]
      ],
      "classes": [
        "a broccoli",
        "a chair",
        "a broccoli",
        "a broccoli",
        "a broccoli"
      ],
      "recall": 2,
      "rel_type": " in front of ",
      "sra": 1
    },
    {
      "centroid": [
        [
          39.77599048614502,
          113.97857666015625
        ],
        [
          109.0947208404541,
          121.910888671875
        ],
        [
          31.491576194763184,
          159.92702865600586
        ],
        [
          61.020721435546875,
          142.08978652954102
        ],
        [
          52.503164291381836,
          156.12670516967773
        ],
        [
          93.25810623168945,
          163.4251251220703
        ],
        [
          92.32910537719727,
          221.93439483642578
        ],
        [
          94.62829208374023,
          192.9168701171875
        ],
        [
          119.25091934204102,
          214.9095458984375
        ],
        [
          157.19094848632812,
          218.20144653320312
        ],
        [
          111.29867553710938,
          279.6907043457031
        ],
        [
          17.049853324890137,
          241.13121795654297
        ],
        [
          74.89168930053711,
          260.6185607910156
        ],
        [
          39.07842445373535,
          271.4369812011719
        ],
        [
          98.5002212524414,
          258.0142135620117
        ],
        [
          148.65576171875,
          271.8475570678711
        ],
        [
          28.758206367492676,
          287.6416015625
        ],
        [
          90.54100036621094,
          295.7213821411133
        ],
        [
          265.7818298339844,
          306.8224182128906
        ],
        [
          74.5991382598877,
          319.2652893066406
        ],
        [
          117.92097473144531,
          352.2196350097656
        ],
        [
          145.34861755371094,
          341.9046325683594
        ],
        [
          59.602346420288086,
          383.4771728515625
        ],
        [
          137.90312576293945,
          344.25860595703125
        ],
        [
          168.95823669433594,
          367.5780029296875
        ],
        [
          143.88909530639648,
          372.6537780761719
        ],
        [
          150.16798400878906,
          401.786865234375
        ],
        [
          98.59876251220703,
          381.2778625488281
        ]
      ],
      "classes": [
        "a broccoli",
        "a broccoli",
        "a broccoli",
        "a broccoli",
        "a broccoli",
        "a broccoli",
        "a broccoli",
        "a broccoli",
        "a broccoli",
        "a broccoli",
        "a broccoli",
        "a broccoli",
        "a broccoli",
        "a broccoli",
        "a broccoli",
        "a broccoli",
        "a broccoli",
        "a broccoli",
        "a chair",
        "a broccoli",
        "a broccoli",
        "a broccoli",
        "a broccoli",
        "a broccoli",
        "a broccoli",
        "a broccoli",
        "a broccoli",
        "a broccoli"
      ],
      "recall": 2,
      "rel_type": " in front of ",
      "sra": 1
    },
    {
      "centroid": [
        [
          276.77935791015625,
          378.0511779785156
        ],
        [
          189.12330627441406,
          407.5859680175781
        ],
        [
          302.21881103515625,
          357.62847900390625
        ],
        [
          209.90904998779297,
          411.16796875
        ],
        [
          241.11610412597656,
          435.8348693847656
        ],
        [
          252.92379760742188,
          430.4434814453125
        ],
        [
          275.59295654296875,
          383.53326416015625
        ],
        [
          277.80767822265625,
          450.0610656738281
        ],
        [
          274.33739471435547,
          463.564453125
        ]
      ],
      "classes": [
        "a broccoli",
        "a broccoli",
        "a broccoli",
        "a broccoli",
        "a broccoli",
        "a broccoli",
        "a chair",
        "a broccoli",
        "a broccoli"
      ],
      "recall": 2,
      "rel_type": " in front of ",